{"Lincoln Park Farmers Market":[-87.6460907,41.9182217,"Lincoln Park Farmers Market ",[32,2,7,3,1,1,2,7,9,17,16,2,1]],
"SOAR Farmers Market":[-87.6216664,41.8968672,"SOAR Farmers Market ",[32,2,7,3,1,1,2,7,9,17,16,2,1]],
"Pilsen Farmers Market":[-87.6466781,41.858101,"Pilsen Farmers Market ",[32,2,7,3,1,1,2,7,9,17,16,2,1]],
"Independence Park Farmers Market":[-87.7248516,41.9534394,"Independence Park Farmers Market ",[32,2,7,3,1,1,2,7,9,17,16,2,1]],
"Wood Street Urban Farm":[-87.6695085,41.7880107,"Wood Street Urban Farm ",[32,2,7,3,1,1,2,7,9,17,16,2,1]],
"Lincoln Square Farmers Market":[-87.687504,41.9668326,"Lincoln Square Farmers Market ",[32,2,7,3,1,1,2,7,9,17,16,2,1]],
"Logan Square Farmers Market":[-87.7104851,41.9312976,"Logan Square Farmers Market ",[32,2,7,3,1,1,2,7,9,17,16,2,1]],
"Chicago's Downtown Farmstand":[-87.625494,41.8848747,"Chicago's Downtown Farmstand ",[32,2,7,3,1,1,2,7,9,17,16,2,1]],
"Evergreen Park Farmers' Market":[-87.701713,41.729735,"Evergreen Park Farmers' Market ",[32,2,7,3,1,1,2,7,9,17,16,2,1]],
"Jewel-Osco":[-87.6286026,41.8922263,"Jewel-Osco ",[32,2,7,3,1,1,2,7,9,17,16,2,1]],
"Walmart":[-87.642278,41.880757,"Walmart ",[32,2,7,3,1,1,2,7,9,17,16,2,1]]}
